server,p50_ms,p95_ms,mean_ms,throughput_rps,gpu_util_pct
fastapi,256.7313374997866,268.63121795013285,257.2045145999982,3.89,38.2
triton,258.7525844992342,268.41522789982264,259.90953685985005,3.85,38.1
vllm,85.00802999878943,93.84270540231228,86.44729425963305,11.56,62.2
sglang,80.09310500165157,83.62598049952794,80.44376778037986,12.43,73.6
trtllm,84.8789454994403,89.86826094915159,85.24437059997581,11.73,75.2
